{"cameraMode":{"drawMode":0,"name":"Shaded","section":"Shading Mode"},"sceneLighting":true,"audioPlay":false,"sceneViewState":{"showFog":false,"showMaterialUpdate":false,"showSkybox":false,"showFlares":false,"showImageEffects":false,"showParticleSystems":false},"in2DMode":false,"pivot":{"x":833.3458862304688,"y":396.80548095703127,"z":434.3897705078125},"rotation":{"x":-0.05578029155731201,"y":0.0035916382912546398,"z":-0.0002006394206546247,"w":-0.9984366297721863},"size":1237.6553955078125,"orthographic":false}